Gene ID (GENE_ID),dbSNP ID (RS),SNP Class (SCLS),Functional consequence class (FXN),Chromosome,Chromosome base position (CPOS),Minor Allele Frequency from global population (GMAF),Allele,Associated clinical phenotypes (CLIN),Nucleotide Accessions (ACCN),Ensembl Gene ID,Gene Type
CDKN2B-AS1,4977574,snv,"genic_downstream_transcript_variant,intron_variant",9,9:22098575," [1] ""1000Genomes""    ""ALSPAC""         ""Chileans""       ""Daghestan""     
 [5] ""Estonian""       ""GENOME_DK""      ""GoNL""           ""HGDP_Stanford"" 
 [9] ""HapMap""         ""KOREAN""         ""Korea1K""        ""NorthernSweden""
[13] ""PAGE_STUDY""     ""PRJEB36033""     ""Qatari""         ""SGDP_PRJ""      
[17] ""Siberian""       ""TOMMO""          ""TOPMED""         ""TWINSUK""       
[21] ""Vietnamese""     ""ALFA""          
",A/G/T,risk-factor,NC_000009.12,ENSG00000240498,lncRNA
LPA,10455872,snv,intron_variant,6,6:160589086," [1] ""1000Genomes""    ""ALSPAC""         ""Daghestan""      ""Estonian""      
 [5] ""GENOME_DK""      ""GnomAD""         ""GoNL""           ""HapMap""        
 [9] ""NorthernSweden"" ""PAGE_STUDY""     ""PRJEB36033""     ""PRJEB37766""    
[13] ""SGDP_PRJ""       ""TOPMED""         ""TWINSUK""        ""ALFA""          
",A/G,benign,NC_000006.12,ENSG00000198670,protein_coding
ZNF335,3827066,snv,"downstream_transcript_variant,intron_variant,genic_downstream_transcript_variant",20,20:45957384," [1] ""1000Genomes""    ""ALSPAC""         ""Estonian""       ""GENOME_DK""     
 [5] ""GnomAD""         ""GoNL""           ""HapMap""         ""KOREAN""        
 [9] ""Korea1K""        ""NorthernSweden"" ""Qatari""         ""SGDP_PRJ""      
[13] ""Siberian""       ""TOMMO""          ""TOPMED""         ""TWINSUK""       
[17] ""Vietnamese""     ""ALFA""          
",C/T,benign,NC_000020.11,ENSG00000198026,protein_coding
CELSR2,12740374,snv,3_prime_UTR_variant,1,1:109274968," [1] ""1000Genomes""    ""ALSPAC""         ""Estonian""       ""GENOME_DK""     
 [5] ""GnomAD""         ""GoNL""           ""HapMap""         ""KOREAN""        
 [9] ""Korea1K""        ""MGP""            ""NorthernSweden"" ""PAGE_STUDY""    
[13] ""PRJEB36033""     ""PRJEB37584""     ""Qatari""         ""SGDP_PRJ""      
[17] ""Siberian""       ""TOMMO""          ""TOPMED""         ""TWINSUK""       
[21] ""Vietnamese""     ""ALFA""          
",G/T,association,NC_000001.11,ENSG00000143126,protein_coding
,7994761,snv,,13,13:22297307," [1] ""1000Genomes""    ""ALSPAC""         ""Estonian""       ""GENOME_DK""     
 [5] ""GnomAD""         ""GoNL""           ""HapMap""         ""KOREAN""        
 [9] ""NorthernSweden"" ""PRJEB36033""     ""Qatari""         ""SGDP_PRJ""      
[13] ""Siberian""       ""TOMMO""          ""TOPMED""         ""TWINSUK""       
[17] ""Vietnamese""     ""ALFA""          
",A/G/T,,NC_000013.11,No gene found,Intergenic (Review)
APOE,429358,snv,"missense_variant,coding_sequence_variant",19,19:44908684," [1] ""1000Genomes""    ""ALSPAC""         ""Estonian""       ""ExAC""          
 [5] ""GENOME_DK""      ""GnomAD""         ""GnomAD_exomes""  ""HapMap""        
 [9] ""KOREAN""         ""Korea1K""        ""NorthernSweden"" ""PAGE_STUDY""    
[13] ""PRJEB36033""     ""Qatari""         ""SGDP_PRJ""       ""Siberian""      
[17] ""TOMMO""          ""TOPMED""         ""TWINSUK""        ""ALFA""          
",C/T,"pathogenic,risk-factor,association,conflicting-interpretations-of-pathogenicity,protective,uncertain-significance,drug-response,likely-pathogenic,other",NC_000019.10,ENSG00000130203,protein_coding
,73015011,snv,,19,19:11079088," [1] ""1000Genomes""    ""ALSPAC""         ""Estonian""       ""GENOME_DK""     
 [5] ""GnomAD""         ""GoNL""           ""KOREAN""         ""Korea1K""       
 [9] ""NorthernSweden"" ""PAGE_STUDY""     ""Qatari""         ""SGDP_PRJ""      
[13] ""Siberian""       ""TOMMO""          ""TOPMED""         ""TWINSUK""       
[17] ""Vietnamese""     ""ALFA""          
",C/T,,NC_000019.10,No gene found,Intergenic (Review)
ADAMTS8,4936098,snv,intron_variant,11,11:130410772," [1] ""1000Genomes""    ""ALSPAC""         ""Estonian""       ""GENOGRAPHIC""   
 [5] ""GENOME_DK""      ""GoNL""           ""HapMap""         ""KOREAN""        
 [9] ""Korea1K""        ""NorthernSweden"" ""Qatari""         ""SGDP_PRJ""      
[13] ""Siberian""       ""TOMMO""          ""TOPMED""         ""TWINSUK""       
[17] ""Vietnamese""     ""ALFA""          
",A/G/T,,NC_000011.10,ENSG00000134917,protein_coding
CHRNA5,17486278,snv,intron_variant,15,15:78575140," [1] ""1000Genomes""    ""ALSPAC""         ""Daghestan""      ""Estonian""      
 [5] ""GENOME_DK""      ""GnomAD""         ""GoNL""           ""HapMap""        
 [9] ""KOREAN""         ""Korea1K""        ""NorthernSweden"" ""PRJEB36033""    
[13] ""PRJEB37584""     ""Qatari""         ""SGDP_PRJ""       ""Siberian""      
[17] ""TOMMO""          ""TOPMED""         ""TWINSUK""        ""Vietnamese""    
[21] ""ALFA""          
",A/C,,NC_000015.10,ENSG00000169684,protein_coding
CDKN2B-AS1,2891168,snv,"genic_downstream_transcript_variant,intron_variant",9,9:22098620," [1] ""1000Genomes""    ""ALSPAC""         ""Chileans""       ""Daghestan""     
 [5] ""Estonian""       ""GENOME_DK""      ""GnomAD""         ""GoNL""          
 [9] ""HapMap""         ""KOREAN""         ""Korea1K""        ""NorthernSweden""
[13] ""PRJEB37584""     ""Qatari""         ""SGDP_PRJ""       ""Siberian""      
[17] ""TOMMO""          ""TOPMED""         ""TWINSUK""        ""Vietnamese""    
[21] ""ALFA""          
",A/G,,NC_000009.12,ENSG00000240498,lncRNA
LPA,140570886,snv,intron_variant,6,6:160591981," [1] ""1000Genomes""    ""ALSPAC""         ""Estonian""       ""GnomAD""        
 [5] ""GoNL""           ""KOREAN""         ""NorthernSweden"" ""SGDP_PRJ""      
 [9] ""TOMMO""          ""TOPMED""         ""TWINSUK""        ""Vietnamese""    
[13] ""ALFA""          
",C/T,,NC_000006.12,ENSG00000198670,protein_coding
CDKN2B-AS1,10757274,snv,"intron_variant,genic_downstream_transcript_variant",9,9:22096056," [1] ""1000Genomes""    ""ALSPAC""         ""Daghestan""      ""Estonian""      
 [5] ""GENOME_DK""      ""GnomAD""         ""GoNL""           ""HapMap""        
 [9] ""KOREAN""         ""Korea1K""        ""NorthernSweden"" ""PAGE_STUDY""    
[13] ""PRJEB36033""     ""PRJEB37584""     ""Qatari""         ""SGDP_PRJ""      
[17] ""Siberian""       ""TOMMO""          ""TOPMED""         ""TWINSUK""       
[21] ""Vietnamese""     ""ALFA""          
",A/T/C/G,risk-factor,NC_000009.12,ENSG00000240498,lncRNA
,434182,snv,,18,18:22702893," [1] ""1000Genomes""    ""ALSPAC""         ""Estonian""       ""GENOME_DK""     
 [5] ""GnomAD""         ""GoNL""           ""KOREAN""         ""Korea1K""       
 [9] ""NorthernSweden"" ""Qatari""         ""SGDP_PRJ""       ""Siberian""      
[13] ""TOMMO""          ""TOPMED""         ""TWINSUK""        ""ALFA""          
",A/T/C/G,,NC_000018.10,No gene found,Intergenic (Review)
ZPR1,964184,snv,"3_prime_UTR_variant,genic_downstream_transcript_variant",11,11:116778201," [1] ""1000Genomes""    ""ALSPAC""         ""Daghestan""      ""Estonian""      
 [5] ""GENOME_DK""      ""GnomAD""         ""GoNL""           ""HapMap""        
 [9] ""KOREAN""         ""Korea1K""        ""NorthernSweden"" ""PAGE_STUDY""    
[13] ""PRJEB36033""     ""PRJEB37584""     ""Qatari""         ""SGDP_PRJ""      
[17] ""Siberian""       ""TOMMO""          ""TOPMED""         ""TWINSUK""       
[21] ""Vietnamese""     ""ALFA""          
",G/C,,NC_000011.10,ENSG00000109917,protein_coding
DAB2IP,7025486,snv,"intron_variant,genic_upstream_transcript_variant",9,9:121660124," [1] ""1000Genomes""    ""ALSPAC""         ""Chileans""       ""Daghestan""     
 [5] ""Estonian""       ""GENOME_DK""      ""GnomAD""         ""GoNL""          
 [9] ""HGDP_Stanford""  ""HapMap""         ""KOREAN""         ""Korea1K""       
[13] ""NorthernSweden"" ""PAGE_STUDY""     ""PRJEB36033""     ""PRJEB37584""    
[17] ""Qatari""         ""SGDP_PRJ""       ""Siberian""       ""TOMMO""         
[21] ""TOPMED""         ""TWINSUK""        ""Vietnamese""     ""ALFA""          
",A/G,,NC_000009.12,ENSG00000136848,protein_coding
PLCE1,731141,snv,intron_variant,10,10:94138924," [1] ""1000Genomes""    ""ALSPAC""         ""Chileans""       ""Daghestan""     
 [5] ""Estonian""       ""GENOME_DK""      ""GnomAD""         ""GoNL""          
 [9] ""HapMap""         ""KOREAN""         ""Korea1K""        ""NorthernSweden""
[13] ""PRJEB36033""     ""Qatari""         ""SGDP_PRJ""       ""Siberian""      
[17] ""TOMMO""          ""TOPMED""         ""TWINSUK""        ""Vietnamese""    
[21] ""ALFA""          
",A/G,,NC_000010.11,ENSG00000138193,protein_coding
IL6R,12126142,snv,"genic_downstream_transcript_variant,intron_variant",1,1:154452980," [1] ""1000Genomes""    ""ALSPAC""         ""Estonian""       ""GENOME_DK""     
 [5] ""GoNL""           ""KOREAN""         ""Korea1K""        ""NorthernSweden""
 [9] ""Qatari""         ""SGDP_PRJ""       ""Siberian""       ""TOMMO""         
[13] ""TOPMED""         ""TWINSUK""        ""Vietnamese""     ""ALFA""          
",A/C/G,,NC_000001.11,ENSG00000160712,protein_coding
LRP1,11172113,snv,intron_variant,12,12:57133500," [1] ""1000Genomes""    ""ALSPAC""         ""Estonian""       ""GENOME_DK""     
 [5] ""GnomAD""         ""GoNL""           ""HGDP_Stanford""  ""HapMap""        
 [9] ""KOREAN""         ""Korea1K""        ""NorthernSweden"" ""PAGE_STUDY""    
[13] ""PRJEB36033""     ""PRJEB37584""     ""Qatari""         ""SGDP_PRJ""      
[17] ""Siberian""       ""TOMMO""          ""TOPMED""         ""TWINSUK""       
[21] ""Vietnamese""     ""ALFA""          
",C/G/T,,NC_000012.12,ENSG00000123384,protein_coding
SUGCT,17688414,snv,"intron_variant,genic_downstream_transcript_variant",7,7:40801371," [1] ""1000Genomes""    ""ALSPAC""         ""Estonian""       ""GENOME_DK""     
 [5] ""GnomAD""         ""GoNL""           ""KOREAN""         ""Korea1K""       
 [9] ""NorthernSweden"" ""Qatari""         ""SGDP_PRJ""       ""Siberian""      
[13] ""TOMMO""          ""TOPMED""         ""TWINSUK""        ""Vietnamese""    
[17] ""ALFA""          
",C/G/T,,NC_000007.14,ENSG00000175600,protein_coding
GDF7,9306894,snv,3_prime_UTR_variant,2,2:20678345," [1] ""1000Genomes""    ""ALSPAC""         ""Chileans""       ""Estonian""      
 [5] ""GENOME_DK""      ""GnomAD""         ""GoNL""           ""HapMap""        
 [9] ""KOREAN""         ""Korea1K""        ""NorthernSweden"" ""PAGE_STUDY""    
[13] ""Qatari""         ""SGDP_PRJ""       ""Siberian""       ""TOMMO""         
[17] ""TOPMED""         ""TWINSUK""        ""Vietnamese""     ""ALFA""          
",A/G,,NC_000002.12,ENSG00000143869,protein_coding
,1660364,snv,,1,1:214232262," [1] ""1000Genomes""    ""ALSPAC""         ""Estonian""       ""GnomAD""        
 [5] ""GoNL""           ""KOREAN""         ""Korea1K""        ""NorthernSweden""
 [9] ""Qatari""         ""SGDP_PRJ""       ""Siberian""       ""TOMMO""         
[13] ""TOPMED""         ""TWINSUK""        ""ALFA""          
",A/C/T,,NC_000001.11,No gene found,Intergenic (Review)
,1892971,snv,,11,11:102924877," [1] ""1000Genomes""    ""ALSPAC""         ""Daghestan""      ""Estonian""      
 [5] ""GENOME_DK""      ""GnomAD""         ""GoNL""           ""HGDP_Stanford"" 
 [9] ""HapMap""         ""KOREAN""         ""NorthernSweden"" ""PAGE_STUDY""    
[13] ""PRJEB36033""     ""Qatari""         ""SGDP_PRJ""       ""Siberian""      
[17] ""TOMMO""          ""TOPMED""         ""TWINSUK""        ""Vietnamese""    
[21] ""ALFA""          
",A/G,,NC_000011.10,No gene found,Intergenic (Review)
,77925345,snv,,12,12:19777560," [1] ""1000Genomes""    ""ALSPAC""         ""Estonian""       ""GENOME_DK""     
 [5] ""GnomAD""         ""GoNL""           ""NorthernSweden"" ""Qatari""        
 [9] ""SGDP_PRJ""       ""Siberian""       ""TOPMED""         ""TWINSUK""       
[13] ""Vietnamese""     ""ALFA""          
",A/G,,NC_000012.12,No gene found,Intergenic (Review)
LPA,10455872,snv,intron_variant,6,6:160589086," [1] ""1000Genomes""    ""ALSPAC""         ""Daghestan""      ""Estonian""      
 [5] ""GENOME_DK""      ""GnomAD""         ""GoNL""           ""HapMap""        
 [9] ""NorthernSweden"" ""PAGE_STUDY""     ""PRJEB36033""     ""PRJEB37766""    
[13] ""SGDP_PRJ""       ""TOPMED""         ""TWINSUK""        ""ALFA""          
",A/G,benign,NC_000006.12,ENSG00000198670,protein_coding
ERG,2836411,snv,"genic_downstream_transcript_variant,intron_variant",21,21:38447907," [1] ""1000Genomes""    ""ALSPAC""         ""Chileans""       ""Daghestan""     
 [5] ""Estonian""       ""GENOME_DK""      ""GoNL""           ""HGDP_Stanford"" 
 [9] ""HapMap""         ""Korea1K""        ""NorthernSweden"" ""PAGE_STUDY""    
[13] ""PRJEB36033""     ""Qatari""         ""SGDP_PRJ""       ""Siberian""      
[17] ""TOMMO""          ""TOPMED""         ""TWINSUK""        ""Vietnamese""    
[21] ""ALFA""          
",A/C/T,,NC_000021.9,ENSG00000157554,protein_coding
,2954021,snv,,8,8:125469835," [1] ""1000Genomes""    ""ALSPAC""         ""Estonian""       ""GENOME_DK""     
 [5] ""GnomAD""         ""GoNL""           ""HapMap""         ""KOREAN""        
 [9] ""Korea1K""        ""NorthernSweden"" ""PRJEB36033""     ""Qatari""        
[13] ""SGDP_PRJ""       ""Siberian""       ""TOMMO""          ""TOPMED""        
[17] ""TWINSUK""        ""Vietnamese""     ""ALFA""          
",A/G,,NC_000008.11,No gene found,Intergenic (Review)
ZPR1,964184,snv,"3_prime_UTR_variant,genic_downstream_transcript_variant",11,11:116778201," [1] ""1000Genomes""    ""ALSPAC""         ""Daghestan""      ""Estonian""      
 [5] ""GENOME_DK""      ""GnomAD""         ""GoNL""           ""HapMap""        
 [9] ""KOREAN""         ""Korea1K""        ""NorthernSweden"" ""PAGE_STUDY""    
[13] ""PRJEB36033""     ""PRJEB37584""     ""Qatari""         ""SGDP_PRJ""      
[17] ""Siberian""       ""TOMMO""          ""TOPMED""         ""TWINSUK""       
[21] ""Vietnamese""     ""ALFA""          
",G/C,,NC_000011.10,ENSG00000109917,protein_coding
LPL,331,snv,intron_variant,8,8:19962894," [1] ""1000Genomes""    ""ALSPAC""         ""Daghestan""      ""Estonian""      
 [5] ""GENOME_DK""      ""GnomAD""         ""GoNL""           ""HGDP_Stanford"" 
 [9] ""HapMap""         ""KOREAN""         ""Korea1K""        ""NorthernSweden""
[13] ""PAGE_STUDY""     ""PRJEB36033""     ""Qatari""         ""SGDP_PRJ""      
[17] ""Siberian""       ""TOMMO""          ""TOPMED""         ""TWINSUK""       
[21] ""Vietnamese""     ""ALFA""          
",A/G,,NC_000008.11,ENSG00000175445,protein_coding
LIPA,1412444,snv,intron_variant,10,10:89243170," [1] ""1000Genomes""    ""ALSPAC""         ""Chileans""       ""Daghestan""     
 [5] ""Estonian""       ""GENOME_DK""      ""GnomAD""         ""GoNL""          
 [9] ""HGDP_Stanford""  ""HapMap""         ""KOREAN""         ""NorthernSweden""
[13] ""PAGE_STUDY""     ""PRJEB36033""     ""PRJEB37584""     ""Qatari""        
[17] ""SGDP_PRJ""       ""Siberian""       ""TOMMO""          ""TOPMED""        
[21] ""TWINSUK""        ""Vietnamese""     ""ALFA""          
",C/G/T,,NC_000010.11,ENSG00000107798,protein_coding
CELSR2,12740374,snv,3_prime_UTR_variant,1,1:109274968," [1] ""1000Genomes""    ""ALSPAC""         ""Estonian""       ""GENOME_DK""     
 [5] ""GnomAD""         ""GoNL""           ""HapMap""         ""KOREAN""        
 [9] ""Korea1K""        ""MGP""            ""NorthernSweden"" ""PAGE_STUDY""    
[13] ""PRJEB36033""     ""PRJEB37584""     ""Qatari""         ""SGDP_PRJ""      
[17] ""Siberian""       ""TOMMO""          ""TOPMED""         ""TWINSUK""       
[21] ""Vietnamese""     ""ALFA""          
",G/T,association,NC_000001.11,ENSG00000143126,protein_coding
LPA,118039278,snv,intron_variant,6,6:160564494," [1] ""1000Genomes""    ""ALSPAC""         ""Estonian""       ""GENOME_DK""     
 [5] ""GnomAD""         ""GoNL""           ""NorthernSweden"" ""SGDP_PRJ""      
 [9] ""TOPMED""         ""TWINSUK""        ""ALFA""          
",A/G,,NC_000006.12,ENSG00000198670,protein_coding
PLCE1,11187851,snv,"genic_downstream_transcript_variant,intron_variant",10,10:94310118," [1] ""1000Genomes""    ""ALSPAC""         ""Estonian""       ""GENOME_DK""     
 [5] ""GnomAD""         ""GoNL""           ""HapMap""         ""KOREAN""        
 [9] ""Korea1K""        ""NorthernSweden"" ""Qatari""         ""SGDP_PRJ""      
[13] ""Siberian""       ""TOMMO""          ""TOPMED""         ""TWINSUK""       
[17] ""Vietnamese""     ""ALFA""          
",A/G/T,,NC_000010.11,ENSG00000138193,protein_coding
PLAUR,4760,snv,"coding_sequence_variant,genic_downstream_transcript_variant,missense_variant,intron_variant",19,19:43648948," [1] ""1000Genomes""    ""ALSPAC""         ""Estonian""       ""ExAC""          
 [5] ""FINRISK""        ""GENOME_DK""      ""GnomAD""         ""GnomAD_exomes"" 
 [9] ""GoESP""          ""GoNL""           ""HapMap""         ""KOREAN""        
[13] ""MGP""            ""NorthernSweden"" ""PAGE_STUDY""     ""PRJEB37584""    
[17] ""PharmGKB""       ""Qatari""         ""SGDP_PRJ""       ""Siberian""      
[21] ""TOMMO""          ""TOPMED""         ""TWINSUK""        ""ALFA""          
",A/G,,NC_000019.10,ENSG00000011422,protein_coding
PCIF1,58749629,snv,"intron_variant,upstream_transcript_variant,genic_upstream_transcript_variant",20,20:45942678," [1] ""1000Genomes""    ""ALSPAC""         ""Estonian""       ""GENOME_DK""     
 [5] ""GnomAD""         ""GoNL""           ""KOREAN""         ""Korea1K""       
 [9] ""NorthernSweden"" ""Qatari""         ""SGDP_PRJ""       ""Siberian""      
[13] ""TOMMO""          ""TOPMED""         ""TWINSUK""        ""ALFA""          
",A/G/T,,NC_000020.11,ENSG00000100982,protein_coding
,7240701,snv,,18,18:22523104," [1] ""1000Genomes""    ""ALSPAC""         ""Estonian""       ""GENOME_DK""     
 [5] ""GnomAD""         ""GoNL""           ""HGDP_Stanford""  ""HapMap""        
 [9] ""NorthernSweden"" ""PRJEB36033""     ""Qatari""         ""SGDP_PRJ""      
[13] ""Siberian""       ""TOPMED""         ""TWINSUK""        ""ALFA""          
",C/T,,NC_000018.10,No gene found,Intergenic (Review)
,247617,snv,,16,16:56956804," [1] ""1000Genomes""    ""ALSPAC""         ""Chileans""       ""Estonian""      
 [5] ""GENOME_DK""      ""GnomAD""         ""GoNL""           ""HapMap""        
 [9] ""KOREAN""         ""Korea1K""        ""NorthernSweden"" ""PAGE_STUDY""    
[13] ""PRJEB36033""     ""PRJEB37584""     ""Qatari""         ""SGDP_PRJ""      
[17] ""Siberian""       ""TOMMO""          ""TOPMED""         ""TWINSUK""       
[21] ""Vietnamese""     ""ALFA""          
",A/C,,NC_000016.10,No gene found,Intergenic (Review)
,6734238,snv,,2,2:113083453," [1] ""1000Genomes""    ""ALSPAC""         ""Chileans""       ""Estonian""      
 [5] ""GENOME_DK""      ""GnomAD""         ""GoNL""           ""HapMap""        
 [9] ""KOREAN""         ""Korea1K""        ""NorthernSweden"" ""PAGE_STUDY""    
[13] ""PRJEB36033""     ""PRJEB37584""     ""Qatari""         ""SGDP_PRJ""      
[17] ""Siberian""       ""TOMMO""          ""TOPMED""         ""TWINSUK""       
[21] ""Vietnamese""     ""ALFA""          
",A/G,,NC_000002.12,No gene found,Intergenic (Review)
VMP1,2150879,snv,intron_variant,17,17:59781849," [1] ""1000Genomes""    ""ALSPAC""         ""Daghestan""      ""Estonian""      
 [5] ""GENOME_DK""      ""GnomAD""         ""GoNL""           ""HapMap""        
 [9] ""KOREAN""         ""Korea1K""        ""NorthernSweden"" ""Qatari""        
[13] ""SGDP_PRJ""       ""Siberian""       ""TOMMO""          ""TOPMED""        
[17] ""TWINSUK""        ""Vietnamese""     ""ALFA""          
",A/G,,NC_000017.11,ENSG00000062716,protein_coding
,17368814,snv,,11,11:102877965," [1] ""1000Genomes""    ""ALSPAC""         ""Estonian""       ""GENOME_DK""     
 [5] ""GnomAD""         ""GoNL""           ""HapMap""         ""KOREAN""        
 [9] ""Korea1K""        ""NorthernSweden"" ""Qatari""         ""SGDP_PRJ""      
[13] ""Siberian""       ""TOMMO""          ""TOPMED""         ""TWINSUK""       
[17] ""Vietnamese""     ""ALFA""          
",A/G,,NC_000011.10,No gene found,Intergenic (Review)
ADAMTS8,4936098,snv,intron_variant,11,11:130410772," [1] ""1000Genomes""    ""ALSPAC""         ""Estonian""       ""GENOGRAPHIC""   
 [5] ""GENOME_DK""      ""GoNL""           ""HapMap""         ""KOREAN""        
 [9] ""Korea1K""        ""NorthernSweden"" ""Qatari""         ""SGDP_PRJ""      
[13] ""Siberian""       ""TOMMO""          ""TOPMED""         ""TWINSUK""       
[17] ""Vietnamese""     ""ALFA""          
",A/G/T,,NC_000011.10,ENSG00000134917,protein_coding
PCSK9,11591147,snv,"upstream_transcript_variant,coding_sequence_variant,genic_upstream_transcript_variant,missense_variant",1,1:55039974," [1] ""1000Genomes""    ""ALSPAC""         ""Estonian""       ""ExAC""          
 [5] ""GnomAD""         ""GnomAD_exomes""  ""HapMap""         ""MGP""           
 [9] ""NorthernSweden"" ""PAGE_STUDY""     ""PRJEB36033""     ""Siberian""      
[13] ""TOPMED""         ""TWINSUK""        ""ALFA""          
",A/G/T,,NC_000001.11,ENSG00000169174,protein_coding
,12408895,snv,,1,1:9378116," [1] ""1000Genomes""    ""ALSPAC""         ""Estonian""       ""GENOME_DK""     
 [5] ""GnomAD""         ""GoNL""           ""HapMap""         ""KOREAN""        
 [9] ""Korea1K""        ""NorthernSweden"" ""Qatari""         ""SGDP_PRJ""      
[13] ""Siberian""       ""TOMMO""          ""TOPMED""         ""TWINSUK""       
[17] ""Vietnamese""     ""ALFA""          
",A/T/C/G,,NC_000001.11,No gene found,Intergenic (Review)
LTBP4,34093919,snv,"coding_sequence_variant,missense_variant",19,19:40611394," [1] ""1000Genomes""    ""ALSPAC""         ""Estonian""       ""ExAC""          
 [5] ""FINRISK""        ""GENOME_DK""      ""GnomAD""         ""GnomAD_exomes"" 
 [9] ""GoESP""          ""GoNL""           ""MGP""            ""NorthernSweden""
[13] ""PAGE_STUDY""     ""PRJEB37584""     ""SGDP_PRJ""       ""TOPMED""        
[17] ""TWINSUK""        ""ALFA""          
",A/G,"benign,benign-likely-benign",NC_000019.10,ENSG00000090006,protein_coding
APOE,429358,snv,"missense_variant,coding_sequence_variant",19,19:44908684," [1] ""1000Genomes""    ""ALSPAC""         ""Estonian""       ""ExAC""          
 [5] ""GENOME_DK""      ""GnomAD""         ""GnomAD_exomes""  ""HapMap""        
 [9] ""KOREAN""         ""Korea1K""        ""NorthernSweden"" ""PAGE_STUDY""    
[13] ""PRJEB36033""     ""Qatari""         ""SGDP_PRJ""       ""Siberian""      
[17] ""TOMMO""          ""TOPMED""         ""TWINSUK""        ""ALFA""          
",C/T,"pathogenic,risk-factor,association,conflicting-interpretations-of-pathogenicity,protective,uncertain-significance,drug-response,likely-pathogenic,other",NC_000019.10,ENSG00000130203,protein_coding
SUGCT,79486579,snv,"genic_downstream_transcript_variant,intron_variant",7,7:40391533," [1] ""1000Genomes""    ""Estonian""       ""GnomAD""         ""GoNL""          
 [5] ""KOREAN""         ""NorthernSweden"" ""Qatari""         ""SGDP_PRJ""      
 [9] ""Siberian""       ""TOMMO""          ""TOPMED""         ""ALFA""          
",A/C/G,,NC_000007.14,ENSG00000175600,protein_coding
LOC105378327 LOC124902436,12768538,snv,"intron_variant,genic_upstream_transcript_variant",10,10:62646598," [1] ""1000Genomes""    ""ALSPAC""         ""Daghestan""      ""Estonian""      
 [5] ""GENOME_DK""      ""GnomAD""         ""GoNL""           ""HapMap""        
 [9] ""KOREAN""         ""Korea1K""        ""NorthernSweden"" ""Qatari""        
[13] ""SGDP_PRJ""       ""Siberian""       ""TOMMO""          ""TOPMED""        
[17] ""TWINSUK""        ""Vietnamese""     ""ALFA""          
",G/C,,NC_000010.11,No gene found,Intergenic (Review)
DNM3,2227200,snv,"genic_downstream_transcript_variant,intron_variant",1,1:172364308," [1] ""1000Genomes""    ""ALSPAC""         ""Estonian""       ""GENOME_DK""     
 [5] ""GnomAD""         ""GoNL""           ""KOREAN""         ""Korea1K""       
 [9] ""NorthernSweden"" ""Qatari""         ""SGDP_PRJ""       ""Siberian""      
[13] ""TOMMO""          ""TOPMED""         ""TWINSUK""        ""Vietnamese""    
[17] ""ALFA""          
",A/G,,NC_000001.11,ENSG00000197959,protein_coding
LOC124904262,4401144,snv,non_coding_transcript_variant,18,18:22613705," [1] ""1000Genomes""    ""ALSPAC""         ""Chileans""       ""Estonian""      
 [5] ""GENOME_DK""      ""GnomAD""         ""GoNL""           ""KOREAN""        
 [9] ""Korea1K""        ""NorthernSweden"" ""Qatari""         ""SGDP_PRJ""      
[13] ""Siberian""       ""TOMMO""          ""TOPMED""         ""TWINSUK""       
[17] ""Vietnamese""     ""ALFA""          
",C/T,,NC_000018.10,No gene found,Intergenic (Review)
LINC02732,10891091,snv,intron_variant,11,11:110358805," [1] ""1000Genomes""    ""ALSPAC""         ""Estonian""       ""GnomAD""        
 [5] ""KOREAN""         ""Korea1K""        ""NorthernSweden"" ""Qatari""        
 [9] ""SGDP_PRJ""       ""Siberian""       ""TOMMO""          ""TOPMED""        
[13] ""TWINSUK""        ""ALFA""          
",A/T/C/G,,NC_000011.10,ENSG00000254416,lncRNA
LDLR     LDLR-AS1,6511720,snv,"upstream_transcript_variant,2KB_upstream_variant,intron_variant",19,19:11091630," [1] ""1000Genomes""    ""ALSPAC""         ""Estonian""       ""GENOME_DK""     
 [5] ""GnomAD""         ""GoNL""           ""HGDP_Stanford""  ""HapMap""        
 [9] ""KOREAN""         ""Korea1K""        ""NorthernSweden"" ""PAGE_STUDY""    
[13] ""PRJEB36033""     ""PRJEB37584""     ""PharmGKB""       ""Qatari""        
[17] ""SGDP_PRJ""       ""Siberian""       ""TOMMO""          ""TOPMED""        
[21] ""TWINSUK""        ""Vietnamese""     ""ALFA""          
",G/T,benign,NC_000019.10,No gene found,Intergenic (Review)
CDK6,42235,snv,intron_variant,7,7:92618762," [1] ""1000Genomes""    ""ALSPAC""         ""Daghestan""      ""Estonian""      
 [5] ""GENOME_DK""      ""GnomAD""         ""GoNL""           ""HapMap""        
 [9] ""KOREAN""         ""Korea1K""        ""NorthernSweden"" ""PAGE_STUDY""    
[13] ""PRJEB36033""     ""PRJEB37584""     ""Qatari""         ""SGDP_PRJ""      
[17] ""Siberian""       ""TOMMO""          ""TOPMED""         ""TWINSUK""       
[21] ""Vietnamese""     ""ALFA""          
",C/T,,NC_000007.14,ENSG00000105810,protein_coding
,55958997,snv,,15,15:78623530," [1] ""1000Genomes""    ""ALSPAC""         ""Estonian""       ""GENOME_DK""     
 [5] ""GoNL""           ""KOREAN""         ""Korea1K""        ""NorthernSweden""
 [9] ""Qatari""         ""SGDP_PRJ""       ""Siberian""       ""TOMMO""         
[13] ""TOPMED""         ""TWINSUK""        ""ALFA""          
",A/C/G,,NC_000015.10,No gene found,Intergenic (Review)
,58365910,snv,,15,15:78556692," [1] ""1000Genomes""    ""ALSPAC""         ""Estonian""       ""GENOME_DK""     
 [5] ""GnomAD""         ""GoNL""           ""KOREAN""         ""Korea1K""       
 [9] ""NorthernSweden"" ""Qatari""         ""SGDP_PRJ""       ""Siberian""      
[13] ""TOMMO""          ""TOPMED""         ""TWINSUK""        ""Vietnamese""    
[17] ""ALFA""          
",C/T,,NC_000015.10,No gene found,Intergenic (Review)
CDKN2B-AS1,7866503,snv,"intron_variant,genic_downstream_transcript_variant",9,9:22091925," [1] ""1000Genomes"" ""Estonian""    ""GnomAD""      ""KOREAN""      ""Korea1K""    
 [6] ""Qatari""      ""SGDP_PRJ""    ""TOMMO""       ""TOPMED""      ""ALFA""       
",A/T/C/G,,NC_000009.12,ENSG00000240498,lncRNA
SF3A2   PLEKHJ1 MIR6789,7249204,snv,"upstream_transcript_variant,2KB_upstream_variant",19,19:2236638," [1] ""1000Genomes""    ""ALSPAC""         ""Estonian""       ""GENOME_DK""     
 [5] ""GnomAD""         ""HapMap""         ""KOREAN""         ""Korea1K""       
 [9] ""NorthernSweden"" ""Qatari""         ""SGDP_PRJ""       ""Siberian""      
[13] ""TOMMO""          ""TOPMED""         ""TWINSUK""        ""Vietnamese""    
[17] ""ALFA""          
",C/G/T,,NC_000019.10,No gene found,Intergenic (Review)
COL4A2,34402154,snv,intron_variant,13,13:110408472," [1] ""1000Genomes""    ""Estonian""       ""GnomAD""         ""GoNL""          
 [5] ""KOREAN""         ""NorthernSweden"" ""Qatari""         ""SGDP_PRJ""      
 [9] ""Siberian""       ""TOMMO""          ""TOPMED""         ""Vietnamese""    
[13] ""ALFA""          
",C/T,,NC_000013.11,ENSG00000134871,protein_coding
,12578371,snv,,12,12:124775205," [1] ""1000Genomes""    ""ALSPAC""         ""Estonian""       ""GENOME_DK""     
 [5] ""GnomAD""         ""GoNL""           ""KOREAN""         ""Korea1K""       
 [9] ""NorthernSweden"" ""Qatari""         ""SGDP_PRJ""       ""Siberian""      
[13] ""TOMMO""          ""TOPMED""         ""TWINSUK""        ""Vietnamese""    
[17] ""ALFA""          
",A/C/T,,NC_000012.12,No gene found,Intergenic (Review)
LHFPL2,890746,snv,intron_variant,5,5:78585887," [1] ""1000Genomes""    ""ALSPAC""         ""Estonian""       ""GENOME_DK""     
 [5] ""GnomAD""         ""GoNL""           ""HapMap""         ""KOREAN""        
 [9] ""Korea1K""        ""NorthernSweden"" ""PAGE_STUDY""     ""PRJEB37584""    
[13] ""Qatari""         ""SGDP_PRJ""       ""Siberian""       ""TOMMO""         
[17] ""TOPMED""         ""TWINSUK""        ""Vietnamese""     ""ALFA""          
",A/G,,NC_000005.10,ENSG00000145685,protein_coding
IL6R,12133641,snv,"genic_downstream_transcript_variant,intron_variant",1,1:154455807," [1] ""1000Genomes""    ""ALSPAC""         ""Estonian""       ""GENOME_DK""     
 [5] ""GnomAD""         ""KOREAN""         ""Korea1K""        ""NorthernSweden""
 [9] ""PAGE_STUDY""     ""Qatari""         ""SGDP_PRJ""       ""Siberian""      
[13] ""TOMMO""          ""TOPMED""         ""TWINSUK""        ""Vietnamese""    
[17] ""ALFA""          
",A/G,,NC_000001.11,ENSG00000160712,protein_coding
ADAM10,11856657,snv,intron_variant,15,15:58696181," [1] ""1000Genomes""    ""ALSPAC""         ""Estonian""       ""GENOME_DK""     
 [5] ""GnomAD""         ""GoNL""           ""KOREAN""         ""Korea1K""       
 [9] ""NorthernSweden"" ""Qatari""         ""SGDP_PRJ""       ""Siberian""      
[13] ""TOMMO""          ""TOPMED""         ""TWINSUK""        ""Vietnamese""    
[17] ""ALFA""          
",A/T/C/G,,NC_000015.10,ENSG00000137845,protein_coding
,12869493,snv,,13,13:22298210," [1] ""1000Genomes""    ""ALSPAC""         ""Estonian""       ""GENOME_DK""     
 [5] ""GnomAD""         ""GoNL""           ""KOREAN""         ""NorthernSweden""
 [9] ""Qatari""         ""SGDP_PRJ""       ""Siberian""       ""TOMMO""         
[13] ""TOPMED""         ""TWINSUK""        ""Vietnamese""     ""ALFA""          
",A/T/C/G,,NC_000013.11,No gene found,Intergenic (Review)
LOXL1,58270968,snv,"genic_upstream_transcript_variant,intron_variant",15,15:73933804," [1] ""1000Genomes""    ""ALSPAC""         ""Estonian""       ""GENOME_DK""     
 [5] ""GnomAD""         ""GoNL""           ""KOREAN""         ""Korea1K""       
 [9] ""NorthernSweden"" ""Qatari""         ""SGDP_PRJ""       ""Siberian""      
[13] ""TOMMO""          ""TOPMED""         ""TWINSUK""        ""ALFA""          
",A/G/T,,NC_000015.10,ENSG00000129038,protein_coding
GDF7,7255,snv,3_prime_UTR_variant,2,2:20679060," [1] ""1000Genomes""    ""ALSPAC""         ""Estonian""       ""GENOME_DK""     
 [5] ""GnomAD""         ""GoNL""           ""HGDP_Stanford""  ""HapMap""        
 [9] ""KOREAN""         ""Korea1K""        ""NorthernSweden"" ""PRJEB36033""    
[13] ""Qatari""         ""SGDP_PRJ""       ""Siberian""       ""TOMMO""         
[17] ""TOPMED""         ""TWINSUK""        ""Vietnamese""     ""ALFA""          
",A/C/T,,NC_000002.12,ENSG00000143869,protein_coding
VCAN,34580448,snv,intron_variant,5,5:83515065," [1] ""1000Genomes""    ""ALSPAC""         ""Daghestan""      ""Estonian""      
 [5] ""GENOME_DK""      ""GnomAD""         ""GoNL""           ""NorthernSweden""
 [9] ""Qatari""         ""SGDP_PRJ""       ""Siberian""       ""TOPMED""        
[13] ""TWINSUK""        ""ALFA""          
",C/T,,NC_000005.10,ENSG00000038427,protein_coding
STN1,7100920,snv,3_prime_UTR_variant,10,10:103881220," [1] ""1000Genomes""    ""ALSPAC""         ""Chileans""       ""Estonian""      
 [5] ""GENOME_DK""      ""GnomAD""         ""GoNL""           ""HGDP_Stanford"" 
 [9] ""HapMap""         ""KOREAN""         ""NorthernSweden"" ""PRJEB36033""    
[13] ""Qatari""         ""SGDP_PRJ""       ""Siberian""       ""TOMMO""         
[17] ""TOPMED""         ""TWINSUK""        ""Vietnamese""     ""ALFA""          
",C/T,,NC_000010.11,ENSG00000107960,protein_coding
LOC100506444,2245157,snv,intron_variant,4,4:53730299," [1] ""1000Genomes""    ""ALSPAC""         ""Estonian""       ""GENOME_DK""     
 [5] ""GoNL""           ""HapMap""         ""KOREAN""         ""Korea1K""       
 [9] ""NorthernSweden"" ""PAGE_STUDY""     ""PRJEB36033""     ""PRJEB37584""    
[13] ""Qatari""         ""SGDP_PRJ""       ""Siberian""       ""TOMMO""         
[17] ""TOPMED""         ""TWINSUK""        ""Vietnamese""     ""ALFA""          
",A/T/C/G,,NC_000004.12,No gene found,Intergenic (Review)
,899040,snv,,4,4:87854008," [1] ""1000Genomes""    ""ALSPAC""         ""Estonian""       ""GENOME_DK""     
 [5] ""GnomAD""         ""GoNL""           ""KOREAN""         ""Korea1K""       
 [9] ""NorthernSweden"" ""Qatari""         ""SGDP_PRJ""       ""Siberian""      
[13] ""TOMMO""          ""TOPMED""         ""TWINSUK""        ""Vietnamese""    
[17] ""ALFA""          
",A/T,,NC_000004.12,No gene found,Intergenic (Review)
ZNRF3,8142788,snv,intron_variant,22,22:29004527," [1] ""1000Genomes""    ""ALSPAC""         ""Chileans""       ""Daghestan""     
 [5] ""Estonian""       ""GENOME_DK""      ""GnomAD""         ""GoNL""          
 [9] ""HapMap""         ""NorthernSweden"" ""Qatari""         ""SGDP_PRJ""      
[13] ""Siberian""       ""TOPMED""         ""TWINSUK""        ""ALFA""          
",A/G,,NC_000022.11,ENSG00000183579,protein_coding
PLAU     C10orf55,2227564,snv,"coding_sequence_variant,intron_variant,missense_variant",10,10:73913343," [1] ""1000Genomes""    ""ALSPAC""         ""Estonian""       ""ExAC""          
 [5] ""FINRISK""        ""GENOME_DK""      ""GnomAD""         ""GnomAD_exomes"" 
 [9] ""GoNL""           ""HGDP_Stanford""  ""HapMap""         ""KOREAN""        
[13] ""Korea1K""        ""MGP""            ""NorthernSweden"" ""PAGE_STUDY""    
[17] ""PRJEB36033""     ""PRJEB37584""     ""Qatari""         ""SGDP_PRJ""      
[21] ""Siberian""       ""TOMMO""          ""TOPMED""         ""TWINSUK""       
[25] ""ALFA""          
",A/T/C/G,"risk-factor,benign",NC_000010.11,No gene found,Intergenic (Review)
MCF2L,3011545,snv,"genic_upstream_transcript_variant,upstream_transcript_variant,intron_variant",13,13:112982696," [1] ""1000Genomes""    ""Estonian""       ""GnomAD""         ""GoNL""          
 [5] ""KOREAN""         ""Korea1K""        ""NorthernSweden"" ""Qatari""        
 [9] ""SGDP_PRJ""       ""Siberian""       ""TOMMO""          ""TOPMED""        
[13] ""ALFA""          
",C/G/T,,NC_000013.11,ENSG00000126217,protein_coding
TGFB2     TGFB2-OT1,991967,snv,"2KB_upstream_variant,3_prime_UTR_variant,non_coding_transcript_variant,upstream_transcript_variant",1,1:218442109," [1] ""1000Genomes""    ""ALSPAC""         ""Estonian""       ""GENOME_DK""     
 [5] ""GnomAD""         ""GoNL""           ""HapMap""         ""KOREAN""        
 [9] ""Korea1K""        ""NorthernSweden"" ""PAGE_STUDY""     ""PRJEB36033""    
[13] ""PRJEB37584""     ""Qatari""         ""SGDP_PRJ""       ""Siberian""      
[17] ""TOMMO""          ""TOPMED""         ""TWINSUK""        ""ALFA""          
",A/C/G,benign,NC_000001.11,No gene found,Intergenic (Review)
DGKZ,11038871,snv,"genic_upstream_transcript_variant,intron_variant",11,11:46357892," [1] ""1000Genomes""    ""ALSPAC""         ""Chileans""       ""Estonian""      
 [5] ""GENOME_DK""      ""GnomAD""         ""GoNL""           ""HapMap""        
 [9] ""KOREAN""         ""Korea1K""        ""NorthernSweden"" ""PAGE_STUDY""    
[13] ""PRJEB36033""     ""PRJEB37584""     ""Qatari""         ""SGDP_PRJ""      
[17] ""Siberian""       ""TOMMO""          ""TOPMED""         ""TWINSUK""       
[21] ""ALFA""          
",C/G/T,,NC_000011.10,ENSG00000149091,protein_coding
IQCH,72745452,snv,"intron_variant,genic_downstream_transcript_variant",15,15:67335883," [1] ""1000Genomes""    ""ALSPAC""         ""Estonian""       ""GENOME_DK""     
 [5] ""GnomAD""         ""GoNL""           ""KOREAN""         ""Korea1K""       
 [9] ""NorthernSweden"" ""Qatari""         ""SGDP_PRJ""       ""Siberian""      
[13] ""TOMMO""          ""TOPMED""         ""TWINSUK""        ""Vietnamese""    
[17] ""ALFA""          
",A/T/C/G,,NC_000015.10,ENSG00000103599,protein_coding
PREX1,6066802,snv,"synonymous_variant,coding_sequence_variant",20,20:48644479," [1] ""1000Genomes""    ""ALSPAC""         ""Chileans""       ""Daghestan""     
 [5] ""Estonian""       ""ExAC""           ""FINRISK""        ""GENOME_DK""     
 [9] ""GnomAD""         ""GnomAD_exomes""  ""GoESP""          ""GoNL""          
[13] ""HapMap""         ""KOREAN""         ""Korea1K""        ""MGP""           
[17] ""NorthernSweden"" ""Qatari""         ""SGDP_PRJ""       ""Siberian""      
[21] ""TOMMO""          ""TOPMED""         ""TWINSUK""        ""Vietnamese""    
[25] ""ALFA""          
",A/C/T,,NC_000020.11,ENSG00000124126,protein_coding
KIAA1656 CCDC157,59731356,snv,"intron_variant,genic_upstream_transcript_variant,genic_downstream_transcript_variant,downstream_transcript_variant,500B_downstream_variant",22,22:30368675," [1] ""1000Genomes""    ""ALSPAC""         ""GENOME_DK""      ""GnomAD""        
 [5] ""GoNL""           ""KOREAN""         ""Korea1K""        ""NorthernSweden""
 [9] ""Qatari""         ""SGDP_PRJ""       ""Siberian""       ""TOMMO""         
[13] ""TOPMED""         ""TWINSUK""        ""Vietnamese""     ""ALFA""          
",C/T,,NC_000022.11,No gene found,Intergenic (Review)
CRISPLD2,35254673,snv,intron_variant,16,16:84885919," [1] ""1000Genomes""    ""ALSPAC""         ""Estonian""       ""GENOME_DK""     
 [5] ""GnomAD""         ""GoNL""           ""KOREAN""         ""Korea1K""       
 [9] ""NorthernSweden"" ""Qatari""         ""SGDP_PRJ""       ""Siberian""      
[13] ""TOMMO""          ""TOPMED""         ""TWINSUK""        ""ALFA""          
",A/G,,NC_000016.10,ENSG00000103196,protein_coding
PRKD2,137882482,snv,intron_variant,19,19:46679685," [1] ""1000Genomes""    ""ALSPAC""         ""Estonian""       ""GENOME_DK""     
 [5] ""GnomAD""         ""GoNL""           ""KOREAN""         ""Korea1K""       
 [9] ""NorthernSweden"" ""Qatari""         ""SGDP_PRJ""       ""Siberian""      
[13] ""TOMMO""          ""TOPMED""         ""TWINSUK""        ""Vietnamese""    
[17] ""ALFA""          
",C/T,,NC_000019.10,ENSG00000105287,protein_coding
ERG,8134664,snv,"genic_upstream_transcript_variant,intron_variant",21,21:38656497," [1] ""1000Genomes""    ""ALSPAC""         ""Estonian""       ""GENOME_DK""     
 [5] ""GnomAD""         ""GoNL""           ""HapMap""         ""KOREAN""        
 [9] ""Korea1K""        ""NorthernSweden"" ""Qatari""         ""SGDP_PRJ""      
[13] ""Siberian""       ""TOMMO""          ""TOPMED""         ""TWINSUK""       
[17] ""Vietnamese""     ""ALFA""          
",A/C/T,,NC_000021.9,ENSG00000157554,protein_coding
TGFBR3,1192524,snv,"intron_variant,genic_upstream_transcript_variant",1,1:91875127," [1] ""1000Genomes""    ""ALSPAC""         ""Estonian""       ""GENOME_DK""     
 [5] ""GnomAD""         ""GoNL""           ""HGDP_Stanford""  ""HapMap""        
 [9] ""KOREAN""         ""Korea1K""        ""NorthernSweden"" ""PRJEB36033""    
[13] ""Qatari""         ""SGDP_PRJ""       ""Siberian""       ""TOMMO""         
[17] ""TOPMED""         ""TWINSUK""        ""Vietnamese""     ""ALFA""          
",A/T/C/G,,NC_000001.11,ENSG00000069702,protein_coding
DAB2IP,10985349,snv,"genic_upstream_transcript_variant,intron_variant",9,9:121662964," [1] ""1000Genomes""    ""ALSPAC""         ""Estonian""       ""GENOME_DK""     
 [5] ""GnomAD""         ""GoNL""           ""HapMap""         ""KOREAN""        
 [9] ""Korea1K""        ""NorthernSweden"" ""PAGE_STUDY""     ""PRJEB37584""    
[13] ""Qatari""         ""SGDP_PRJ""       ""Siberian""       ""TOPMED""        
[17] ""TWINSUK""        ""Vietnamese""     ""ALFA""          
",A/C/T,,NC_000009.12,ENSG00000136848,protein_coding
LINC02544,34927895,snv,intron_variant,6,6:169177891," [1] ""1000Genomes""    ""ALSPAC""         ""Estonian""       ""GENOME_DK""     
 [5] ""GnomAD""         ""GoNL""           ""Korea1K""        ""NorthernSweden""
 [9] ""Qatari""         ""SGDP_PRJ""       ""Siberian""       ""TOPMED""        
[13] ""TWINSUK""        ""ALFA""          
",A/G,,NC_000006.12,No gene found,Intergenic (Review)
PDGFRA,4422471,snv,intron_variant,4,4:54255754," [1] ""1000Genomes""    ""ALSPAC""         ""GENOME_DK""      ""GnomAD""        
 [5] ""GoNL""           ""KOREAN""         ""Korea1K""        ""NorthernSweden""
 [9] ""Qatari""         ""SGDP_PRJ""       ""Siberian""       ""TOMMO""         
[13] ""TOPMED""         ""TWINSUK""        ""ALFA""          
",C/T,,NC_000004.12,ENSG00000134853,protein_coding
ACYP1   ZC2HC1C,11546525,snv,"2KB_upstream_variant,intron_variant,stop_gained,synonymous_variant,coding_sequence_variant,upstream_transcript_variant",14,14:75070678," [1] ""1000Genomes""    ""ALSPAC""         ""Daghestan""      ""Estonian""      
 [5] ""ExAC""           ""FINRISK""        ""GENOME_DK""      ""GnomAD""        
 [9] ""GoESP""          ""GoNL""           ""KOREAN""         ""Korea1K""       
[13] ""MGP""            ""NorthernSweden"" ""PAGE_STUDY""     ""PRJEB36033""    
[17] ""Qatari""         ""SGDP_PRJ""       ""Siberian""       ""TOMMO""         
[21] ""TOPMED""         ""TWINSUK""        ""Vietnamese""     ""ALFA""          
",C/G/T,,NC_000014.9,No gene found,Intergenic (Review)
LDB2,4698161,snv,"intron_variant,genic_upstream_transcript_variant",4,4:16883832," [1] ""1000Genomes""    ""ALSPAC""         ""Estonian""       ""GENOME_DK""     
 [5] ""GnomAD""         ""GoNL""           ""KOREAN""         ""Korea1K""       
 [9] ""NorthernSweden"" ""Qatari""         ""SGDP_PRJ""       ""Siberian""      
[13] ""TOMMO""          ""TOPMED""         ""TWINSUK""        ""Vietnamese""    
[17] ""ALFA""          
",A/T/C/G,,NC_000004.12,ENSG00000169744,protein_coding
SCARB1,112403212,snv,intron_variant,12,12:124818708," [1] ""1000Genomes""    ""ALSPAC""         ""GENOME_DK""      ""GnomAD""        
 [5] ""GoNL""           ""KOREAN""         ""NorthernSweden"" ""Qatari""        
 [9] ""SGDP_PRJ""       ""Siberian""       ""TOMMO""          ""TOPMED""        
[13] ""TWINSUK""        ""Vietnamese""     ""ALFA""          
",C/T,,NC_000012.12,ENSG00000073060,protein_coding
LOC105373724,2111485,snv,"genic_downstream_transcript_variant,intron_variant",2,2:162254026," [1] ""1000Genomes""    ""ALSPAC""         ""Daghestan""      ""Estonian""      
 [5] ""GENOME_DK""      ""GnomAD""         ""GoNL""           ""HGDP_Stanford"" 
 [9] ""HapMap""         ""KOREAN""         ""Korea1K""        ""NorthernSweden""
[13] ""PAGE_STUDY""     ""PRJEB36033""     ""PRJEB37584""     ""Qatari""        
[17] ""SGDP_PRJ""       ""Siberian""       ""TOMMO""          ""TOPMED""        
[21] ""TWINSUK""        ""Vietnamese""     ""ALFA""          
",A/G,,NC_000002.12,No gene found,Intergenic (Review)
CFDP1,11149831,snv,intron_variant,16,16:75417563," [1] ""1000Genomes""    ""ALSPAC""         ""Daghestan""      ""Estonian""      
 [5] ""GENOME_DK""      ""GnomAD""         ""GoNL""           ""HapMap""        
 [9] ""KOREAN""         ""NorthernSweden"" ""Qatari""         ""SGDP_PRJ""      
[13] ""Siberian""       ""TOMMO""          ""TOPMED""         ""TWINSUK""       
[17] ""Vietnamese""     ""ALFA""          
",A/C/G,,NC_000016.10,ENSG00000153774,protein_coding
PRPF3,1260400,snv,"intron_variant,genic_upstream_transcript_variant",1,1:150323845,"[1] ""1000Genomes"" ""GnomAD""      ""KOREAN""      ""Korea1K""     ""TOMMO""      
[6] ""TOPMED""      ""ALFA""       
",A/T/C/G,,NC_000001.11,ENSG00000117360,protein_coding
TSPAN14,35414786,snv,intron_variant,10,10:80478647," [1] ""1000Genomes""    ""ALSPAC""         ""Estonian""       ""GENOME_DK""     
 [5] ""GnomAD""         ""GoNL""           ""KOREAN""         ""Korea1K""       
 [9] ""NorthernSweden"" ""PAGE_STUDY""     ""Qatari""         ""SGDP_PRJ""      
[13] ""Siberian""       ""TOMMO""          ""TOPMED""         ""TWINSUK""       
[17] ""Vietnamese""     ""ALFA""          
",C/T,,NC_000010.11,ENSG00000108219,protein_coding
PCSK9,11591147,snv,"upstream_transcript_variant,coding_sequence_variant,genic_upstream_transcript_variant,missense_variant",1,1:55039974," [1] ""1000Genomes""    ""ALSPAC""         ""Estonian""       ""ExAC""          
 [5] ""GnomAD""         ""GnomAD_exomes""  ""HapMap""         ""MGP""           
 [9] ""NorthernSweden"" ""PAGE_STUDY""     ""PRJEB36033""     ""Siberian""      
[13] ""TOPMED""         ""TWINSUK""        ""ALFA""          
",A/G/T,,NC_000001.11,ENSG00000169174,protein_coding
,73227362,snv,,8,8:27557833," [1] ""1000Genomes""    ""ALSPAC""         ""Estonian""       ""GENOME_DK""     
 [5] ""GnomAD""         ""GoNL""           ""KOREAN""         ""Korea1K""       
 [9] ""NorthernSweden"" ""Qatari""         ""SGDP_PRJ""       ""Siberian""      
[13] ""TOMMO""          ""TOPMED""         ""TWINSUK""        ""Vietnamese""    
[17] ""ALFA""          
",A/C,,NC_000008.11,No gene found,Intergenic (Review)
,34468875,snv,,2,2:21160481," [1] ""1000Genomes""    ""ALSPAC""         ""Estonian""       ""GENOME_DK""     
 [5] ""GnomAD""         ""GoNL""           ""KOREAN""         ""Korea1K""       
 [9] ""NorthernSweden"" ""Qatari""         ""SGDP_PRJ""       ""Siberian""      
[13] ""TOMMO""          ""TOPMED""         ""TWINSUK""        ""Vietnamese""    
[17] ""ALFA""          
",A/T/C/G,,NC_000002.12,No gene found,Intergenic (Review)
CDKN1A,3176336,snv,"downstream_transcript_variant,genic_downstream_transcript_variant,intron_variant",6,6:36681039," [1] ""1000Genomes""    ""ALSPAC""         ""Estonian""       ""GENOME_DK""     
 [5] ""GnomAD""         ""GoNL""           ""KOREAN""         ""Korea1K""       
 [9] ""NorthernSweden"" ""PAGE_STUDY""     ""PRJEB37584""     ""Qatari""        
[13] ""SGDP_PRJ""       ""Siberian""       ""TOMMO""          ""TOPMED""        
[17] ""TWINSUK""        ""Vietnamese""     ""ALFA""          
",A/G/T,,NC_000006.12,ENSG00000124762,protein_coding
FBN1,363820,snv,intron_variant,15,15:48436833," [1] ""1000Genomes""    ""ALSPAC""         ""Estonian""       ""GENOME_DK""     
 [5] ""GnomAD""         ""GoNL""           ""HapMap""         ""KOREAN""        
 [9] ""Korea1K""        ""NorthernSweden"" ""Qatari""         ""SGDP_PRJ""      
[13] ""Siberian""       ""TOMMO""          ""TOPMED""         ""TWINSUK""       
[17] ""Vietnamese""     ""ALFA""          
",C/T,benign,NC_000015.10,ENSG00000166147,protein_coding
,12638862,snv,,3,3:169759718," [1] ""1000Genomes""    ""ALSPAC""         ""Chileans""       ""Estonian""      
 [5] ""GENOME_DK""      ""GnomAD""         ""GoNL""           ""HapMap""        
 [9] ""KOREAN""         ""Korea1K""        ""NorthernSweden"" ""PRJEB36033""    
[13] ""PRJEB37584""     ""Qatari""         ""SGDP_PRJ""       ""Siberian""      
[17] ""TOMMO""          ""TOPMED""         ""TWINSUK""        ""Vietnamese""    
[21] ""ALFA""          
",A/G,,NC_000003.12,No gene found,Intergenic (Review)
,1795061,snv,,1,1:214235937," [1] ""1000Genomes""    ""ALSPAC""         ""Daghestan""      ""Estonian""      
 [5] ""GENOME_DK""      ""GoNL""           ""HapMap""         ""KOREAN""        
 [9] ""Korea1K""        ""NorthernSweden"" ""PRJEB36033""     ""Qatari""        
[13] ""SGDP_PRJ""       ""Siberian""       ""TOMMO""          ""TOPMED""        
[17] ""TWINSUK""        ""Vietnamese""     ""ALFA""          
",A/T/C/G,,NC_000001.11,No gene found,Intergenic (Review)
CDKN1A,3176336,snv,"downstream_transcript_variant,genic_downstream_transcript_variant,intron_variant",6,6:36681039," [1] ""1000Genomes""    ""ALSPAC""         ""Estonian""       ""GENOME_DK""     
 [5] ""GnomAD""         ""GoNL""           ""KOREAN""         ""Korea1K""       
 [9] ""NorthernSweden"" ""PAGE_STUDY""     ""PRJEB37584""     ""Qatari""        
[13] ""SGDP_PRJ""       ""Siberian""       ""TOMMO""          ""TOPMED""        
[17] ""TWINSUK""        ""Vietnamese""     ""ALFA""          
",A/G/T,,NC_000006.12,ENSG00000124762,protein_coding
,10808546,snv,,8,8:125483576," [1] ""1000Genomes""    ""ALSPAC""         ""Daghestan""      ""Estonian""      
 [5] ""GENOGRAPHIC""    ""GENOME_DK""      ""GnomAD""         ""GoNL""          
 [9] ""HGDP_Stanford""  ""HapMap""         ""KOREAN""         ""Korea1K""       
[13] ""NorthernSweden"" ""PAGE_STUDY""     ""PRJEB36033""     ""PRJEB37584""    
[17] ""Qatari""         ""SGDP_PRJ""       ""Siberian""       ""TOMMO""         
[21] ""TOPMED""         ""TWINSUK""        ""Vietnamese""     ""ALFA""          
",C/T,,NC_000008.11,No gene found,Intergenic (Review)
LIPA,1412445,snv,intron_variant,10,10:89243047," [1] ""1000Genomes""    ""ALSPAC""         ""Estonian""       ""GENOME_DK""     
 [5] ""GnomAD""         ""GoNL""           ""KOREAN""         ""NorthernSweden""
 [9] ""PAGE_STUDY""     ""PRJEB36033""     ""Qatari""         ""SGDP_PRJ""      
[13] ""Siberian""       ""TOMMO""          ""TOPMED""         ""TWINSUK""       
[17] ""Vietnamese""     ""ALFA""          
",C/G/T,,NC_000010.11,ENSG00000107798,protein_coding
PRDM6,335183,snv,intron_variant,5,5:123113232," [1] ""1000Genomes""    ""ALSPAC""         ""Estonian""       ""GENOME_DK""     
 [5] ""GnomAD""         ""GoNL""           ""HapMap""         ""KOREAN""        
 [9] ""Korea1K""        ""NorthernSweden"" ""PAGE_STUDY""     ""PRJEB37584""    
[13] ""Qatari""         ""SGDP_PRJ""       ""Siberian""       ""TOMMO""         
[17] ""TOPMED""         ""TWINSUK""        ""Vietnamese""     ""ALFA""          
",A/T/C/G,,NC_000005.10,ENSG00000061455,protein_coding
POLR1C       LOC105375069 LOC105375070,881858,snv,"intron_variant,upstream_transcript_variant,genic_downstream_transcript_variant,2KB_upstream_variant",6,6:43838872," [1] ""1000Genomes""    ""ALSPAC""         ""Estonian""       ""GENOME_DK""     
 [5] ""GnomAD""         ""GoNL""           ""HapMap""         ""KOREAN""        
 [9] ""NorthernSweden"" ""PAGE_STUDY""     ""PRJEB36033""     ""Qatari""        
[13] ""SGDP_PRJ""       ""Siberian""       ""TOMMO""          ""TOPMED""        
[17] ""TWINSUK""        ""Vietnamese""     ""ALFA""          
",A/C/G,,NC_000006.12,No gene found,Intergenic (Review)
LDLR     LDLR-AS1,6511720,snv,"upstream_transcript_variant,2KB_upstream_variant,intron_variant",19,19:11091630," [1] ""1000Genomes""    ""ALSPAC""         ""Estonian""       ""GENOME_DK""     
 [5] ""GnomAD""         ""GoNL""           ""HGDP_Stanford""  ""HapMap""        
 [9] ""KOREAN""         ""Korea1K""        ""NorthernSweden"" ""PAGE_STUDY""    
[13] ""PRJEB36033""     ""PRJEB37584""     ""PharmGKB""       ""Qatari""        
[17] ""SGDP_PRJ""       ""Siberian""       ""TOMMO""          ""TOPMED""        
[21] ""TWINSUK""        ""Vietnamese""     ""ALFA""          
",G/T,benign,NC_000019.10,No gene found,Intergenic (Review)
MRC2,56288724,snv,"genic_downstream_transcript_variant,downstream_transcript_variant,intron_variant",17,17:62689774," [1] ""1000Genomes""    ""ALSPAC""         ""Estonian""       ""ExAC""          
 [5] ""GENOME_DK""      ""GnomAD""         ""GnomAD_exomes""  ""GoESP""         
 [9] ""KOREAN""         ""Korea1K""        ""MGP""            ""NorthernSweden""
[13] ""Qatari""         ""SGDP_PRJ""       ""Siberian""       ""TOMMO""         
[17] ""TOPMED""         ""TWINSUK""        ""Vietnamese""     ""ALFA""          
",A/G,,NC_000017.11,ENSG00000011028,protein_coding
ZBTB46       LOC124904956,73143503,snv,"non_coding_transcript_variant,intron_variant,genic_downstream_transcript_variant",20,20:63771275," [1] ""1000Genomes""    ""ALSPAC""         ""Estonian""       ""GENOME_DK""     
 [5] ""KOREAN""         ""NorthernSweden"" ""Qatari""         ""SGDP_PRJ""      
 [9] ""Siberian""       ""TOMMO""          ""TOPMED""         ""TWINSUK""       
[13] ""Vietnamese""     ""ALFA""          
",A/G/T,,NC_000020.11,No gene found,Intergenic (Review)
,9442580,snv,,1,1:9279408," [1] ""1000Genomes""    ""ALSPAC""         ""Estonian""       ""GENOME_DK""     
 [5] ""GnomAD""         ""GoNL""           ""KOREAN""         ""Korea1K""       
 [9] ""NorthernSweden"" ""Qatari""         ""SGDP_PRJ""       ""Siberian""      
[13] ""TOMMO""          ""TOPMED""         ""TWINSUK""        ""Vietnamese""    
[17] ""ALFA""          
",C/G/T,,NC_000001.11,No gene found,Intergenic (Review)
ZBTB38,724016,snv,"upstream_transcript_variant,5_prime_UTR_variant,intron_variant,genic_upstream_transcript_variant",3,3:141386728," [1] ""1000Genomes""    ""ALSPAC""         ""Chileans""       ""Daghestan""     
 [5] ""Estonian""       ""GENOME_DK""      ""GnomAD""         ""GoNL""          
 [9] ""HapMap""         ""KOREAN""         ""MGP""            ""NorthernSweden""
[13] ""PRJEB36033""     ""PRJEB37584""     ""Qatari""         ""SGDP_PRJ""      
[17] ""Siberian""       ""TOMMO""          ""TOPMED""         ""TWINSUK""       
[21] ""Vietnamese""     ""ALFA""          
",A/G,,NC_000003.12,ENSG00000177311,protein_coding
LRP1,1466535,snv,intron_variant,12,12:57140687," [1] ""1000Genomes""    ""ALSPAC""         ""Chileans""       ""Estonian""      
 [5] ""GENOME_DK""      ""GnomAD""         ""GoNL""           ""HGDP_Stanford"" 
 [9] ""HapMap""         ""KOREAN""         ""Korea1K""        ""NorthernSweden""
[13] ""PAGE_STUDY""     ""PRJEB36033""     ""PRJEB37584""     ""Qatari""        
[17] ""SGDP_PRJ""       ""Siberian""       ""TOMMO""          ""TOPMED""        
[21] ""TWINSUK""        ""Vietnamese""     ""ALFA""          
",A/C/G,,NC_000012.12,ENSG00000123384,protein_coding
DAB2IP,7025486,snv,"intron_variant,genic_upstream_transcript_variant",9,9:121660124," [1] ""1000Genomes""    ""ALSPAC""         ""Chileans""       ""Daghestan""     
 [5] ""Estonian""       ""GENOME_DK""      ""GnomAD""         ""GoNL""          
 [9] ""HGDP_Stanford""  ""HapMap""         ""KOREAN""         ""Korea1K""       
[13] ""NorthernSweden"" ""PAGE_STUDY""     ""PRJEB36033""     ""PRJEB37584""    
[17] ""Qatari""         ""SGDP_PRJ""       ""Siberian""       ""TOMMO""         
[21] ""TOPMED""         ""TWINSUK""        ""Vietnamese""     ""ALFA""          
",A/G,,NC_000009.12,ENSG00000136848,protein_coding
LPL,268,snv,"coding_sequence_variant,missense_variant",8,8:19956018," [1] ""1000Genomes""    ""ALSPAC""         ""Estonian""       ""ExAC""          
 [5] ""FINRISK""        ""GENOME_DK""      ""GnomAD""         ""GnomAD_exomes"" 
 [9] ""GoNL""           ""HapMap""         ""MGP""            ""NorthernSweden""
[13] ""PAGE_STUDY""     ""PRJEB36033""     ""SGDP_PRJ""       ""TOMMO""         
[17] ""TOPMED""         ""TWINSUK""        ""ALFA""          
",A/G,"uncertain-significance,risk-factor,conflicting-interpretations-of-pathogenicity,benign,pathogenic",NC_000008.11,ENSG00000175445,protein_coding
,9316871,snv,,13,13:22287782," [1] ""1000Genomes""    ""ALSPAC""         ""Chileans""       ""Estonian""      
 [5] ""GENOME_DK""      ""GnomAD""         ""GoNL""           ""HGDP_Stanford"" 
 [9] ""HapMap""         ""KOREAN""         ""NorthernSweden"" ""PAGE_STUDY""    
[13] ""PRJEB36033""     ""Qatari""         ""SGDP_PRJ""       ""Siberian""      
[17] ""TOMMO""          ""TOPMED""         ""TWINSUK""        ""Vietnamese""    
[21] ""ALFA""          
",A/G,,NC_000013.11,No gene found,Intergenic (Review)
ANTXR1,13384676,snv,"intron_variant,genic_downstream_transcript_variant",2,2:69154437," [1] ""1000Genomes""    ""ALSPAC""         ""Estonian""       ""GENOME_DK""     
 [5] ""GnomAD""         ""GoNL""           ""HapMap""         ""KOREAN""        
 [9] ""NorthernSweden"" ""Qatari""         ""SGDP_PRJ""       ""Siberian""      
[13] ""TOMMO""          ""TOPMED""         ""TWINSUK""        ""ALFA""          
",A/T/C/G,,NC_000002.12,ENSG00000169604,protein_coding
,508391,snv,,7,7:41580143," [1] ""1000Genomes""    ""ALSPAC""         ""Estonian""       ""GENOME_DK""     
 [5] ""GnomAD""         ""GoNL""           ""HapMap""         ""KOREAN""        
 [9] ""Korea1K""        ""NorthernSweden"" ""Qatari""         ""SGDP_PRJ""      
[13] ""Siberian""       ""TOMMO""          ""TOPMED""         ""TWINSUK""       
[17] ""Vietnamese""     ""ALFA""          
",A/T/C/G,,NC_000007.14,No gene found,Intergenic (Review)
,1423561,snv,,5,5:53427177," [1] ""1000Genomes""    ""ALSPAC""         ""Estonian""       ""GENOME_DK""     
 [5] ""GnomAD""         ""GoNL""           ""HapMap""         ""KOREAN""        
 [9] ""Korea1K""        ""NorthernSweden"" ""Qatari""         ""SGDP_PRJ""      
[13] ""Siberian""       ""TOMMO""          ""TOPMED""         ""TWINSUK""       
[17] ""Vietnamese""     ""ALFA""          
",A/C/G,,NC_000005.10,No gene found,Intergenic (Review)
APOA5,662799,snv,"upstream_transcript_variant,2KB_upstream_variant",11,11:116792991," [1] ""1000Genomes""    ""ALSPAC""         ""Estonian""       ""GENOME_DK""     
 [5] ""GnomAD""         ""GoNL""           ""HapMap""         ""KOREAN""        
 [9] ""Korea1K""        ""NorthernSweden"" ""PAGE_STUDY""     ""PRJEB36033""    
[13] ""PRJEB37584""     ""Qatari""         ""SGDP_PRJ""       ""Siberian""      
[17] ""TOMMO""          ""TOPMED""         ""TWINSUK""        ""Vietnamese""    
[21] ""ALFA""          
",A/C/G,,NC_000011.10,ENSG00000110243,protein_coding
ABCA6,117753190,snv,intron_variant,17,17:69140184," [1] ""1000Genomes""    ""ALSPAC""         ""Estonian""       ""GENOME_DK""     
 [5] ""GnomAD""         ""GoNL""           ""NorthernSweden"" ""Qatari""        
 [9] ""SGDP_PRJ""       ""Siberian""       ""TOPMED""         ""TWINSUK""       
[13] ""ALFA""          
",G/C,,NC_000017.11,ENSG00000154262,protein_coding
TAFA2,11612171,snv,"intron_variant,genic_upstream_transcript_variant",12,12:62182010," [1] ""1000Genomes"" ""ALSPAC""      ""GENOME_DK""   ""GnomAD""      ""GoNL""       
 [6] ""KOREAN""      ""Korea1K""     ""Qatari""      ""SGDP_PRJ""    ""Siberian""   
[11] ""TOMMO""       ""TWINSUK""     ""Vietnamese""  ""ALFA""       
",A/G/T,,NC_000012.12,ENSG00000198673,protein_coding
,2807875,snv,,1,1:220942053," [1] ""1000Genomes""    ""ALSPAC""         ""Estonian""       ""GENOME_DK""     
 [5] ""GoNL""           ""HapMap""         ""KOREAN""         ""Korea1K""       
 [9] ""NorthernSweden"" ""PRJEB36033""     ""Qatari""         ""SGDP_PRJ""      
[13] ""Siberian""       ""TOMMO""          ""TOPMED""         ""TWINSUK""       
[17] ""Vietnamese""     ""ALFA""          
",A/G/T,,NC_000001.11,No gene found,Intergenic (Review)
COL21A1,2223598,snv,"intron_variant,genic_upstream_transcript_variant",6,6:56237328," [1] ""1000Genomes""    ""ALSPAC""         ""Estonian""       ""GENOME_DK""     
 [5] ""GnomAD""         ""GoNL""           ""HapMap""         ""KOREAN""        
 [9] ""Korea1K""        ""NorthernSweden"" ""Qatari""         ""SGDP_PRJ""      
[13] ""Siberian""       ""TOMMO""          ""TOPMED""         ""TWINSUK""       
[17] ""Vietnamese""     ""ALFA""          
",C/G/T,,NC_000006.12,ENSG00000124749,protein_coding
CRISPLD2,9939197,snv,intron_variant,16,16:84822926," [1] ""1000Genomes""    ""ALSPAC""         ""Estonian""       ""GENOME_DK""     
 [5] ""GoNL""           ""KOREAN""         ""Korea1K""        ""NorthernSweden""
 [9] ""Qatari""         ""SGDP_PRJ""       ""Siberian""       ""TOMMO""         
[13] ""TOPMED""         ""TWINSUK""        ""Vietnamese""     ""ALFA""          
",A/G/T,,NC_000016.10,ENSG00000103196,protein_coding
HHIPL1,12436072,snv,"3_prime_UTR_variant,intron_variant",14,14:99668969," [1] ""1000Genomes""    ""ALSPAC""         ""Estonian""       ""ExAC""          
 [5] ""GENOME_DK""      ""GnomAD""         ""GnomAD_exomes""  ""GoESP""         
 [9] ""GoNL""           ""KOREAN""         ""Korea1K""        ""MGP""           
[13] ""NorthernSweden"" ""Qatari""         ""SGDP_PRJ""       ""Siberian""      
[17] ""TOMMO""          ""TOPMED""         ""TWINSUK""        ""Vietnamese""    
[21] ""ALFA""          
",A/G,,NC_000014.9,ENSG00000182218,protein_coding
,8087799,snv,,18,18:22605468," [1] ""1000Genomes""    ""ALSPAC""         ""Estonian""       ""GENOME_DK""     
 [5] ""GnomAD""         ""GoNL""           ""HapMap""         ""KOREAN""        
 [9] ""Korea1K""        ""NorthernSweden"" ""PRJEB37584""     ""Qatari""        
[13] ""SGDP_PRJ""       ""Siberian""       ""TOMMO""          ""TOPMED""        
[17] ""TWINSUK""        ""Vietnamese""     ""ALFA""          
",A/G/T,,NC_000018.10,No gene found,Intergenic (Review)
,56853305,snv,,17,17:29321524," [1] ""1000Genomes""    ""ALSPAC""         ""Estonian""       ""GENOME_DK""     
 [5] ""GnomAD""         ""GoNL""           ""KOREAN""         ""Korea1K""       
 [9] ""NorthernSweden"" ""Qatari""         ""SGDP_PRJ""       ""Siberian""      
[13] ""TOMMO""          ""TOPMED""         ""TWINSUK""        ""ALFA""          
",A/G,,NC_000017.11,No gene found,Intergenic (Review)
,4658246,snv,,1,1:91614024," [1] ""1000Genomes""    ""ALSPAC""         ""Estonian""       ""GENOME_DK""     
 [5] ""GnomAD""         ""GoNL""           ""HapMap""         ""KOREAN""        
 [9] ""NorthernSweden"" ""Qatari""         ""SGDP_PRJ""       ""Siberian""      
[13] ""TOMMO""          ""TOPMED""         ""TWINSUK""        ""Vietnamese""    
[17] ""ALFA""          
",A/T/C/G,,NC_000001.11,No gene found,Intergenic (Review)
TERT,2736100,snv,intron_variant,5,5:1286401," [1] ""1000Genomes""    ""ALSPAC""         ""Chileans""       ""Estonian""      
 [5] ""GENOME_DK""      ""GnomAD""         ""GoNL""           ""HGDP_Stanford"" 
 [9] ""HapMap""         ""KOREAN""         ""NorthernSweden"" ""PAGE_STUDY""    
[13] ""PRJEB36033""     ""PRJEB37584""     ""Qatari""         ""SGDP_PRJ""      
[17] ""Siberian""       ""TOMMO""          ""TOPMED""         ""TWINSUK""       
[21] ""Vietnamese""     ""ALFA""          
",A/C,"association,benign,uncertain-significance",NC_000005.10,ENSG00000164362,protein_coding
NUCB2,55948574,snv,intron_variant,11,11:17288844," [1] ""1000Genomes""    ""ALSPAC""         ""Estonian""       ""GnomAD""        
 [5] ""KOREAN""         ""NorthernSweden"" ""Qatari""         ""SGDP_PRJ""      
 [9] ""Siberian""       ""TOMMO""          ""TOPMED""         ""TWINSUK""       
[13] ""ALFA""          
",C/T,,NC_000011.10,ENSG00000070081,protein_coding
,78131387,snv,,8,8:19994386," [1] ""1000Genomes""    ""ALSPAC""         ""Estonian""       ""GnomAD""        
 [5] ""GoNL""           ""NorthernSweden"" ""Qatari""         ""SGDP_PRJ""      
 [9] ""TOMMO""          ""TOPMED""         ""TWINSUK""        ""ALFA""          
",C/T,,NC_000008.11,No gene found,Intergenic (Review)
RANBP2 SH3RF3,13417446,snv,"intron_variant,genic_upstream_transcript_variant,genic_downstream_transcript_variant",2,2:109194208," [1] ""1000Genomes""    ""ALSPAC""         ""Estonian""       ""GENOME_DK""     
 [5] ""GnomAD""         ""GoNL""           ""KOREAN""         ""NorthernSweden""
 [9] ""Qatari""         ""SGDP_PRJ""       ""Siberian""       ""TOMMO""         
[13] ""TOPMED""         ""TWINSUK""        ""ALFA""          
",A/G,,NC_000002.12,No gene found,Intergenic (Review)
,116390453,snv,,5,5:27996901,"[1] ""1000Genomes"" ""ALSPAC""      ""Estonian""    ""GnomAD""      ""GoNL""       
[6] ""Siberian""    ""TOPMED""      ""TWINSUK""     ""ALFA""       
",C/T,,NC_000005.10,No gene found,Intergenic (Review)
LOC105377621,2125213,snv,intron_variant,4,4:102489942," [1] ""1000Genomes""    ""ALSPAC""         ""Estonian""       ""GENOME_DK""     
 [5] ""GoNL""           ""KOREAN""         ""NorthernSweden"" ""Qatari""        
 [9] ""SGDP_PRJ""       ""Siberian""       ""TOMMO""          ""TOPMED""        
[13] ""TWINSUK""        ""ALFA""          
",A/G/T,,NC_000004.12,No gene found,Intergenic (Review)
,3850306,snv,,14,14:59436386," [1] ""1000Genomes""    ""ALSPAC""         ""GENOME_DK""      ""GnomAD""        
 [5] ""GoNL""           ""KOREAN""         ""Korea1K""        ""NorthernSweden""
 [9] ""Qatari""         ""SGDP_PRJ""       ""Siberian""       ""TOMMO""         
[13] ""TOPMED""         ""TWINSUK""        ""Vietnamese""     ""ALFA""          
",A/C/G,,NC_000014.9,No gene found,Intergenic (Review)
BDNF-AS   LINC00678,11030087,snv,intron_variant,11,11:27624699," [1] ""1000Genomes""    ""ALSPAC""         ""Estonian""       ""GENOME_DK""     
 [5] ""GnomAD""         ""GoNL""           ""HapMap""         ""KOREAN""        
 [9] ""NorthernSweden"" ""Qatari""         ""SGDP_PRJ""       ""Siberian""      
[13] ""TOMMO""          ""TOPMED""         ""TWINSUK""        ""Vietnamese""    
[17] ""ALFA""          
",C/T,,NC_000011.10,No gene found,Intergenic (Review)
ERG,2836411,snv,"genic_downstream_transcript_variant,intron_variant",21,21:38447907," [1] ""1000Genomes""    ""ALSPAC""         ""Chileans""       ""Daghestan""     
 [5] ""Estonian""       ""GENOME_DK""      ""GoNL""           ""HGDP_Stanford"" 
 [9] ""HapMap""         ""Korea1K""        ""NorthernSweden"" ""PAGE_STUDY""    
[13] ""PRJEB36033""     ""Qatari""         ""SGDP_PRJ""       ""Siberian""      
[17] ""TOMMO""          ""TOPMED""         ""TWINSUK""        ""Vietnamese""    
[21] ""ALFA""          
",A/C/T,,NC_000021.9,ENSG00000157554,protein_coding
IST1,72801778,snv,intron_variant,16,16:71898092," [1] ""1000Genomes""    ""ALSPAC""         ""Estonian""       ""GENOME_DK""     
 [5] ""GnomAD""         ""GoNL""           ""KOREAN""         ""Korea1K""       
 [9] ""NorthernSweden"" ""Qatari""         ""SGDP_PRJ""       ""Siberian""      
[13] ""TOMMO""          ""TOPMED""         ""TWINSUK""        ""ALFA""          
",C/T,,NC_000016.10,ENSG00000182149,protein_coding
CMIP,12929809,snv,"intron_variant,genic_upstream_transcript_variant",16,16:81561800," [1] ""1000Genomes""    ""ALSPAC""         ""Estonian""       ""GENOME_DK""     
 [5] ""GnomAD""         ""GoNL""           ""HGDP_Stanford""  ""HapMap""        
 [9] ""KOREAN""         ""NorthernSweden"" ""PAGE_STUDY""     ""PRJEB36033""    
[13] ""PRJEB37584""     ""Qatari""         ""SGDP_PRJ""       ""Siberian""      
[17] ""TOMMO""          ""TOPMED""         ""TWINSUK""        ""Vietnamese""    
[21] ""ALFA""          
",A/C/T,,NC_000016.10,ENSG00000153815,protein_coding
IL6R,12133641,snv,"genic_downstream_transcript_variant,intron_variant",1,1:154455807," [1] ""1000Genomes""    ""ALSPAC""         ""Estonian""       ""GENOME_DK""     
 [5] ""GnomAD""         ""KOREAN""         ""Korea1K""        ""NorthernSweden""
 [9] ""PAGE_STUDY""     ""Qatari""         ""SGDP_PRJ""       ""Siberian""      
[13] ""TOMMO""          ""TOPMED""         ""TWINSUK""        ""Vietnamese""    
[17] ""ALFA""          
",A/G,,NC_000001.11,ENSG00000160712,protein_coding
,602633,snv,,1,1:109278889," [1] ""1000Genomes""    ""ALSPAC""         ""Estonian""       ""GENOME_DK""     
 [5] ""GnomAD""         ""GoNL""           ""HGDP_Stanford""  ""HapMap""        
 [9] ""KOREAN""         ""Korea1K""        ""NorthernSweden"" ""PRJEB36033""    
[13] ""PRJEB37584""     ""Qatari""         ""SGDP_PRJ""       ""Siberian""      
[17] ""TOMMO""          ""TOPMED""         ""TWINSUK""        ""Vietnamese""    
[21] ""ALFA""          
",A/T/C/G,,NC_000001.11,No gene found,Intergenic (Review)
ADAMTS8,7936928,snv,intron_variant,11,11:130409273," [1] ""1000Genomes""    ""ALSPAC""         ""Daghestan""      ""Estonian""      
 [5] ""GENOME_DK""      ""GnomAD""         ""GoNL""           ""KOREAN""        
 [9] ""Korea1K""        ""NorthernSweden"" ""Qatari""         ""SGDP_PRJ""      
[13] ""Siberian""       ""TOMMO""          ""TOPMED""         ""TWINSUK""       
[17] ""Vietnamese""     ""ALFA""          
",C/T,,NC_000011.10,ENSG00000134917,protein_coding
HMGCR,3846662,snv,intron_variant,5,5:75355259," [1] ""1000Genomes""    ""ALSPAC""         ""Chileans""       ""Daghestan""     
 [5] ""Estonian""       ""ExAC""           ""FINRISK""        ""GENOME_DK""     
 [9] ""GnomAD""         ""GnomAD_exomes""  ""GoESP""          ""GoNL""          
[13] ""HGDP_Stanford""  ""HapMap""         ""KOREAN""         ""Korea1K""       
[17] ""MGP""            ""NorthernSweden"" ""PAGE_STUDY""     ""PRJEB36033""    
[21] ""PRJEB37584""     ""PharmGKB""       ""Qatari""         ""SGDP_PRJ""      
[25] ""Siberian""       ""TOMMO""          ""TOPMED""         ""TWINSUK""       
[29] ""Vietnamese""     ""ALFA""          
",A/G/T,,NC_000005.10,ENSG00000113161,protein_coding
C20orf181,73149487,snv,"upstream_transcript_variant,2KB_upstream_variant",20,20:63849998," [1] ""1000Genomes""    ""ALSPAC""         ""Estonian""       ""GENOME_DK""     
 [5] ""GnomAD""         ""NorthernSweden"" ""Qatari""         ""SGDP_PRJ""      
 [9] ""Siberian""       ""TOPMED""         ""TWINSUK""        ""ALFA""          
",G/T,,NC_000020.11,ENSG00000279610,TEC
ATOH8,113626898,snv,"non_coding_transcript_variant,3_prime_UTR_variant,genic_downstream_transcript_variant",2,2:85788308,"[1] ""1000Genomes""    ""ALSPAC""         ""Estonian""       ""GoNL""          
[5] ""NorthernSweden"" ""TOMMO""          ""TWINSUK""        ""ALFA""          
",A/G/T,,NC_000002.12,ENSG00000168874,protein_coding
ZNF827,7662069,snv,"intron_variant,genic_upstream_transcript_variant",4,4:145887864," [1] ""1000Genomes""    ""ALSPAC""         ""Estonian""       ""GENOME_DK""     
 [5] ""GnomAD""         ""GoNL""           ""KOREAN""         ""Korea1K""       
 [9] ""NorthernSweden"" ""PAGE_STUDY""     ""PRJEB36033""     ""Qatari""        
[13] ""SGDP_PRJ""       ""Siberian""       ""TOMMO""          ""TOPMED""        
[17] ""TWINSUK""        ""ALFA""          
",A/T/C/G,,NC_000004.12,ENSG00000151612,protein_coding
,1229849,snv,,4,4:99363528," [1] ""1000Genomes""    ""ALSPAC""         ""Estonian""       ""GENOME_DK""     
 [5] ""GnomAD""         ""GoNL""           ""HapMap""         ""KOREAN""        
 [9] ""Korea1K""        ""NorthernSweden"" ""Qatari""         ""SGDP_PRJ""      
[13] ""Siberian""       ""TOMMO""          ""TOPMED""         ""TWINSUK""       
[17] ""Vietnamese""     ""ALFA""          
",A/T,,NC_000004.12,No gene found,Intergenic (Review)
C5orf67,464605,snv,non_coding_transcript_variant,5,5:56511543," [1] ""1000Genomes""    ""ALSPAC""         ""Estonian""       ""GENOME_DK""     
 [5] ""GnomAD""         ""GoNL""           ""KOREAN""         ""Korea1K""       
 [9] ""NorthernSweden"" ""Qatari""         ""SGDP_PRJ""       ""Siberian""      
[13] ""TOMMO""          ""TOPMED""         ""TWINSUK""        ""Vietnamese""    
[17] ""ALFA""          
",A/C/T,,NC_000005.10,ENSG00000225940,lncRNA
ANKRD44     ANKRD44-IT1,919433,snv,"genic_upstream_transcript_variant,intron_variant",2,2:197301841," [1] ""1000Genomes""    ""ALSPAC""         ""Estonian""       ""GENOME_DK""     
 [5] ""GnomAD""         ""GoNL""           ""HapMap""         ""KOREAN""        
 [9] ""NorthernSweden"" ""Qatari""         ""SGDP_PRJ""       ""Siberian""      
[13] ""TOMMO""          ""TOPMED""         ""TWINSUK""        ""Vietnamese""    
[17] ""ALFA""          
",A/C/G,,NC_000002.12,No gene found,Intergenic (Review)
,530948381,snv,,22,22:25507825,"[1] ""1000Genomes"" ""GnomAD""      ""TOPMED""      ""ALFA""       
",A/G,,NC_000022.11,No gene found,Intergenic (Review)
MON1A,142344547,snv,intron_variant,3,3:49918603," [1] ""1000Genomes""    ""ALSPAC""         ""Estonian""       ""GENOME_DK""     
 [5] ""GnomAD""         ""KOREAN""         ""Korea1K""        ""NorthernSweden""
 [9] ""Qatari""         ""SGDP_PRJ""       ""Siberian""       ""TOMMO""         
[13] ""TOPMED""         ""TWINSUK""        ""ALFA""          
",A/G,,NC_000003.12,ENSG00000164077,protein_coding
,141830649,snv,,14,14:20526739," [1] ""1000Genomes""    ""ALSPAC""         ""Estonian""       ""GENOME_DK""     
 [5] ""GnomAD""         ""GoNL""           ""NorthernSweden"" ""Qatari""        
 [9] ""SGDP_PRJ""       ""TOPMED""         ""TWINSUK""        ""ALFA""          
",A/T,,NC_000014.9,No gene found,Intergenic (Review)
